{
    "parent": "item/handheld",
    "textures": {
        "layer0": "item/golden_sword"
    },
    "overrides": [
		{ "predicate": { "custom_model_data": 6420011 }, "model": "complus:item/golden_katana" },
		{ "predicate": { "custom_model_data": 6420026 }, "model": "complus:item/golden_sickle" },
		{ "predicate": { "custom_model_data": 6420031 }, "model": "complus:item/golden_scythe" },
		{ "predicate": { "custom_model_data": 6420036 }, "model": "complus:item/golden_mace" },
		{ "predicate": { "custom_model_data": 6420041 }, "model": "complus:item/golden_hammer" }
	]
}
