{
	"credit": "Made with Blockbench",
	"texture_size": [64, 32],
	"textures": {
		"0": "herobrine",
		"particle": "herobrine"
	},
	"elements": [
		{
			"name": "head",
			"from": [4, 24, 4],
			"to": [12, 32, 12],
			"rotation": {"angle": 0, "axis": "y", "origin": [8, 0, 8]},
			"faces": {
				"north": {"uv": [2, 4, 4, 8], "texture": "#0"},
				"east": {"uv": [0, 4, 2, 8], "texture": "#0"},
				"south": {"uv": [6, 4, 8, 8], "texture": "#0"},
				"west": {"uv": [4, 4, 6, 8], "texture": "#0"},
				"up": {"uv": [4, 4, 2, 0], "texture": "#0"},
				"down": {"uv": [6, 0, 4, 4], "texture": "#0"}
			}
		},
		{
			"name": "body",
			"from": [4, 12, 6],
			"to": [12, 24, 10],
			"rotation": {"angle": 0, "axis": "y", "origin": [8, 0, 8]},
			"faces": {
				"north": {"uv": [5, 10, 7, 16], "texture": "#0"},
				"east": {"uv": [4, 10, 5, 16], "texture": "#0"},
				"south": {"uv": [8, 10, 10, 16], "texture": "#0"},
				"west": {"uv": [7, 10, 8, 16], "texture": "#0"},
				"up": {"uv": [7, 10, 5, 8], "texture": "#0"},
				"down": {"uv": [9, 8, 7, 10], "texture": "#0"}
			}
		},
		{
			"name": "left_arm",
			"from": [0, 12, 6],
			"to": [4, 24, 10],
			"shade": false,
			"rotation": {"angle": 0, "axis": "y", "origin": [8, 0, 8]},
			"faces": {
				"north": {"uv": [12, 10, 11, 16], "texture": "#0"},
				"east": {"uv": [13, 10, 12, 16], "texture": "#0"},
				"south": {"uv": [14, 10, 13, 16], "texture": "#0"},
				"west": {"uv": [11, 10, 10, 16], "texture": "#0"},
				"up": {"uv": [11, 10, 12, 8], "texture": "#0"},
				"down": {"uv": [12, 8, 13, 10], "texture": "#0"}
			}
		},
		{
			"name": "right_arm",
			"from": [12, 12, 6],
			"to": [16, 24, 10],
			"rotation": {"angle": 0, "axis": "y", "origin": [8, 0, 8]},
			"faces": {
				"north": {"uv": [11, 10, 12, 16], "texture": "#0"},
				"east": {"uv": [10, 10, 11, 16], "texture": "#0"},
				"south": {"uv": [13, 10, 14, 16], "texture": "#0"},
				"west": {"uv": [12, 10, 13, 16], "texture": "#0"},
				"up": {"uv": [12, 10, 11, 8], "texture": "#0"},
				"down": {"uv": [13, 8, 12, 10], "texture": "#0"}
			}
		},
		{
			"name": "left_leg",
			"from": [4, 0, 6],
			"to": [8, 12, 10],
			"shade": false,
			"rotation": {"angle": 0, "axis": "y", "origin": [8, 0, 8]},
			"faces": {
				"north": {"uv": [2, 10, 1, 16], "texture": "#0"},
				"east": {"uv": [3, 10, 2, 16], "texture": "#0"},
				"south": {"uv": [4, 10, 3, 16], "texture": "#0"},
				"west": {"uv": [1, 10, 0, 16], "texture": "#0"},
				"up": {"uv": [1, 10, 2, 8], "texture": "#0"},
				"down": {"uv": [2, 8, 3, 10], "texture": "#0"}
			}
		},
		{
			"name": "right_leg",
			"from": [8, 0, 6],
			"to": [12, 12, 10],
			"rotation": {"angle": 0, "axis": "y", "origin": [8, 0, 8]},
			"faces": {
				"north": {"uv": [1, 10, 2, 16], "texture": "#0"},
				"east": {"uv": [0, 10, 1, 16], "texture": "#0"},
				"south": {"uv": [3, 10, 4, 16], "texture": "#0"},
				"west": {"uv": [2, 10, 3, 16], "texture": "#0"},
				"up": {"uv": [2, 10, 1, 8], "texture": "#0"},
				"down": {"uv": [3, 8, 2, 10], "texture": "#0"}
			}
		}
	],
	"display": {
		"thirdperson_lefthand": {
			"rotation": [90, 0, 0],
			"translation": [-6, -2, -4.5],
			"scale": [0.95, 0.95, 0.95]
		},
		"head": {
			"translation": [0, -30, 0],
			"scale": [1.65, 1.65, 1.65]
		}
	},
	"groups": [
		{
			"name": "head",
			"origin": [0, 24, 0],
			"children": [0]
		},
		{
			"name": "body",
			"origin": [0, 24, 0],
			"children": [1]
		},
		{
			"name": "left_arm",
			"origin": [5, 22, 0],
			"shade": false,
			"children": [2]
		},
		{
			"name": "right_arm",
			"origin": [-5, 22, 0],
			"children": [3]
		},
		{
			"name": "left_leg",
			"origin": [1.9, 12, 0],
			"shade": false,
			"children": [4]
		},
		{
			"name": "right_leg",
			"origin": [-1.9, 12, 0],
			"children": [5]
		}
	]
}